Distribution,Dimension,Sampler,ESS,ESS_per_second,Acceptance_rate,Sampling_time,MSE
Gaussian_Hard_d100,100,Standard Metropolis,1.8834362998002103,0.39856291711678477,0.33055555555555555,4.788540045420329,2.4421507307427484
Gaussian_Hard_d100,100,Adaptive Metropolis,20.884760966840307,1.0466709761123933,0.5154444444444445,20.461046934127808,1.522940976328389
Gaussian_Hard_d100,100,Langevin Dynamics,6.467902677614112,1.0334220279041766,0.7867777777777777,6.130010763804118,1.674988198313841
Gaussian_Hard_d100,100,HMC,414.14141414141415,44.565553569369115,0.653888888888889,9.449914137522379,0.2939513391731732
