Distribution,Dimension,Sampler,ESS,ESS_per_second,Acceptance_rate,Sampling_time,MSE
Funnel_d50,50,Standard Metropolis,3.378644432772088,5.79238374590188,0.3720555555555556,0.5859952767690023,0.6875303078497913
Funnel_d50,50,Adaptive Metropolis,10.109739178787592,1.900961016437405,0.5174444444444445,5.238643646240234,0.7547497457993075
Funnel_d50,50,Langevin Dynamics,2.4706328818434176,2.247184181750835,0.6288333333333334,1.1039399305979412,0.7874668777444409
Funnel_d50,50,HMC,1667.86655700295,535.2834859786739,0.30033333333333334,3.1292587916056314,0.778690671539537
