Distribution,Dimension,Sampler,ESS,ESS_per_second,Acceptance_rate,Sampling_time,MSE
Gaussian_Scaling_d50,50,Standard Metropolis,5.6666571026884345,29.24415866063609,0.2505,0.21196460723876953,1.1766530600433471
Gaussian_Scaling_d50,50,Adaptive Metropolis,16.52052357351633,6.947549631431997,0.6466666666666667,2.363885998725891,0.8066463041353352
Gaussian_Scaling_d50,50,Langevin Dynamics,6.646380154418337,22.699894107556755,0.9961666666666666,0.30379509925842285,1.1008534010289992
Gaussian_Scaling_d50,50,HMC,595.2380952380953,1423.8609930846553,0.978,0.42884230613708496,0.1264030471320698
