Distribution,Dimension,Sampler,ESS,ESS_per_second,Acceptance_rate,Sampling_time,MSE
Rosenbrock_d10,10,Standard Metropolis,22.210846173603837,155.46570639684208,0.17805555555555555,0.14160974820454916,1.0161309704536559
Rosenbrock_d10,10,Adaptive Metropolis,8.837351694764452,4.527385071115356,0.5800555555555557,1.92142653465271,0.9580289690236695
Rosenbrock_d10,10,Langevin Dynamics,5.966021377277417,13.592613847694784,0.15855555555555556,0.4433119297027588,0.8155574892892977
Rosenbrock_d10,10,HMC,1.9992003198720514,1.3901032408193064,0.9944444444444445,1.4404665629069011,
