Distribution,Dimension,Sampler,ESS,ESS_per_second,Acceptance_rate,Sampling_time,MSE
Gaussian_Easy_d100,100,Standard Metropolis,5.631667546762439,1.2671254197152726,0.4661666666666667,4.66513729095459,2.0351095417606078
Gaussian_Easy_d100,100,Adaptive Metropolis,18.07810284758933,0.9037452689719473,0.5331666666666667,19.61028480529785,0.944247157171139
Gaussian_Easy_d100,100,Langevin Dynamics,25.539025341471714,4.291975200587263,0.9853333333333333,5.9152547518412275,0.9514963012849412
Gaussian_Easy_d100,100,HMC,900.3831417624523,101.96881001727405,0.8847777777777778,8.308637619018555,0.37663370517869127
