Distribution,Dimension,Sampler,ESS,ESS_per_second,Acceptance_rate,Sampling_time,MSE
Gaussian_Scaling_d10,10,Standard Metropolis,13.695808876531768,204.2116631616704,0.445,0.07510662078857422,0.13949618958995788
Gaussian_Scaling_d10,10,Adaptive Metropolis,17.44051744051744,18.623256840004732,0.537,0.9279797077178955,0.13191129735611634
Gaussian_Scaling_d10,10,Langevin Dynamics,6.6062526093469875,52.99269903089951,0.9966666666666666,0.12484455108642578,0.3964201907926342
Gaussian_Scaling_d10,10,HMC,530.3030303030304,2308.404986972678,0.9856666666666667,0.22951090335845947,0.024325336383857567
