Distribution,Dimension,Sampler,ESS,ESS_per_second,Acceptance_rate,Sampling_time,MSE
Gaussian_Scaling_d100,100,Standard Metropolis,2.9563567488609577,1.3166458946265096,0.13866666666666666,2.37866747379303,2.478822726790684
Gaussian_Scaling_d100,100,Adaptive Metropolis,19.07183725365544,2.1151037279819156,0.6383333333333333,9.016105771064758,1.1708662169180006
Gaussian_Scaling_d100,100,Langevin Dynamics,6.442098228342662,2.250059344301852,0.9936666666666667,2.8522279262542725,2.322178897899567
Gaussian_Scaling_d100,100,HMC,595.2380952380953,187.18861563481659,0.9650000000000001,3.2078356742858887,0.2631064910849522
