Distribution,Dimension,Sampler,ESS,ESS_per_second,Acceptance_rate,Sampling_time,MSE
Gaussian_Hard_d10,10,Standard Metropolis,4.942334621221167,37.525056468535546,0.4954444444444444,0.13173786799112955,0.2678314832345495
Gaussian_Hard_d10,10,Adaptive Metropolis,27.509255861440028,14.436751506787445,0.5789444444444445,1.901782751083374,0.11377149280874282
Gaussian_Hard_d10,10,Langevin Dynamics,7.110574029430754,28.854090920405298,0.8771666666666667,0.24649508794148764,0.2450332057000674
Gaussian_Hard_d10,10,HMC,851.8518518518518,1844.1833876858184,0.7422222222222222,0.4626634120941162,0.026200238234682607
