Distribution,Dimension,Sampler,ESS,ESS_per_second,Acceptance_rate,Sampling_time,MSE
Gaussian_Easy_d50,50,Standard Metropolis,13.327497317300308,35.1211506874154,0.5072222222222221,0.3863810698191325,0.7464739320711127
Gaussian_Easy_d50,50,Adaptive Metropolis,17.54956784184798,3.710171913319263,0.5210555555555555,4.757092714309692,0.6241116509773609
Gaussian_Easy_d50,50,Langevin Dynamics,22.188522312745917,41.31400724306473,0.9882777777777778,0.5598835150400797,0.49428041738876943
Gaussian_Easy_d50,50,HMC,1017.0940170940172,1253.4387082876758,0.8153888888888888,0.8079555034637451,0.0968486007382132
