Distribution,Dimension,Sampler,ESS,ESS_per_second,Acceptance_rate,Sampling_time,MSE
Funnel_d100,100,Standard Metropolis,2.787811106490937,2.516356956141482,0.29150000000000004,1.1098647912343342,0.9644308215988495
Funnel_d100,100,Adaptive Metropolis,11.54468554836589,0.7073450140118266,0.5777222222222222,17.632558425267536,1.0532142707437433
Funnel_d100,100,Langevin Dynamics,2.320553355872645,1.1485135366059727,0.41733333333333333,2.020066738128662,0.9924137218119645
Funnel_d100,100,HMC,1.6120249574588772,0.2750002174135011,0.15827777777777777,5.855398972829183,0.9908746589536962
