Distribution,Dimension,Sampler,ESS,ESS_per_second,Acceptance_rate,Sampling_time,MSE
Rosenbrock_d50,50,Standard Metropolis,3.0303540164700205,6.237601885442256,0.11172222222222222,0.4827141761779785,0.9263234587442718
Rosenbrock_d50,50,Adaptive Metropolis,17.323539774752167,3.465397628298828,0.505,5.006464004516602,0.7088825059093026
Rosenbrock_d50,50,Langevin Dynamics,4.164198406970028,2.766039850973627,0.09805555555555556,1.524338722229004,0.7560922101460333
Rosenbrock_d50,50,HMC,1.9992003198720514,0.35533960056257946,0.9993888888888889,5.626487096150716,
