Distribution,Dimension,Sampler,ESS,ESS_per_second,Acceptance_rate,Sampling_time,MSE
Gaussian_Hard_d50,50,Standard Metropolis,4.3045509060927705,11.089002877553364,0.3988333333333333,0.387218713760376,1.5681824988969135
Gaussian_Hard_d50,50,Adaptive Metropolis,26.98584546292955,5.118716086875279,0.508888888888889,5.513886372248332,1.0413255037683433
Gaussian_Hard_d50,50,Langevin Dynamics,6.284126495818463,11.3135902098983,0.8345555555555556,0.5500171184539795,0.742631971357552
Gaussian_Hard_d50,50,HMC,367.43957796589376,361.7841198343197,0.7031666666666666,1.0409493446350098,0.1467660143217725
