Distribution,Dimension,Sampler,ESS,ESS_per_second,Acceptance_rate,Sampling_time,MSE
Funnel_d10,10,Standard Metropolis,5.3560074466859895,38.256990156227296,0.4250555555555556,0.13991936047871908,0.7958462046345446
Funnel_d10,10,Adaptive Metropolis,6.9531218726026145,3.682352380300818,0.49127777777777776,1.8799015680948894,0.9695246168600388
Funnel_d10,10,Langevin Dynamics,2.648063393064614,7.886638500835272,0.47833333333333333,0.3358279863993327,1.2577269185893303
Funnel_d10,10,HMC,1.9992003198720514,2.291039226546044,0.959388888888889,0.8726212978363037,
