Distribution,Dimension,Sampler,ESS,ESS_per_second,Acceptance_rate,Sampling_time,MSE
Rosenbrock_d100,100,Standard Metropolis,2.114608824018928,2.300992650541263,0.10538888888888888,0.9186387856801351,1.0794652539381302
Rosenbrock_d100,100,Adaptive Metropolis,17.04721761398483,1.128178487403466,0.5163333333333333,15.268746058146158,1.0046999615710053
Rosenbrock_d100,100,Langevin Dynamics,2.133015780860728,0.7544187562797613,0.08816666666666667,2.8282779852549234,1.0136083116100785
Rosenbrock_d100,100,HMC,1.9992003198720514,0.18520140912155306,0.999,10.794862747192383,
